code,keyword,commentaire,ensemblid,ligne_es,digest_neo5,digest_neo3
E1,Tcf7,EPD0023_2_A12,ENSMUSG00000000782,C2,,
E1,Tcf7,EPD0023_2_D12,ENSMUSG00000000782,C2,,
E3,C1qbp,,,JM8,,
E4,Prpsap2,EPD0021_1_F09,ENSMUSG00000020528,JM8,"Mfe I,PacI","DrdI,HindIII"
E2,Agxt2l2,EPD0021_1_F05,ENSMUSG00000020359,JM8,"Dra I",SexAI
E5,Sfrs4,EPD0039_1_C07,ENSMUSG00000028911,JM8N4,"PshAI ,XhoI","Avr II ,ScaI/PvuI"
E6,Xbp1,EPD0038_2_B10,ENSMUSG00000020484,JM8N4,"Afl II","Ssp I,NheI"
E7,Ube2b,EPD0038_4_D01,ENSMUSG00000020390,JM8N4,"BstEII, Apa I","SpeI, Avr II"
E8,Limk2,EPD0040_1_B07,ENSMUSG00000020451,JM8N4,"NsiI, Hind III",PsHAI
E9,Grhl3,EPD0039_3_C02,ENSMUSG00000037188,JM8N4,"Apa I, Spe I","Drd I, Nsi I"
E10,Fabp3,EPD0061_1_C10," ENSMUSG00000028773",JM8N4,"Ase I, Psi I, Afl II","EcoRI, Sca I"
E14,Jmjd5,EPD0065_5_A04,ENSMUSG00000030752,JM8F6,"Afl II","Avr II"
E12,Ngfr,EPD0059_4_D03,ENSMUSG00000000120,JM8N4,"Apa I",EcoRI
E11,Ndufs3,EPD0057_2_A08,ENSMUSG00000005510,JM8F6,"Ase I","Avr II"
E13,Clk1,EPD0065_2_E04,"ENSMUSG00000026034  ",JM8F6,"Apa I","Drd I/Pme I"
E15,Fancb,EPD0057_4_A02,ENSMUSG00000047757,JM8,"Eco NI, Pml I","Bgl I, Nde I"
E18,Ap2b1,EUCF0048b04,ENSMUSG00000035152,JM8,,
E19,Magi1,EUCJ0019b08,ENSMUSG00000045095,JM8,,
E16,Aldh3a,EPD0060_2_A02,ENSMUSG00000010025,JM8,,
E17,B9d1,EPD0060_2_H09,ENSMUSG00000001039,JM8,"PshAI/Mfe I","Avr II"
E20,"Fam63a (4930504E06Rik)",EPD0057_1_H01,ENSMUSG00000078645,JM8F6,,
E21,C1qbp,EPD0038_2_B07,ENSMUSG00000018446,JM8N4,"AseI,ApaI","sspI,ecoNI"
E22,Ehbp1,EPD0059_1_C01,ENSMUSG00000042302,JM8N4,"Eco NI","Blp I"
E23,2008/09/01,EPD0060_3_G04,ENSMUSG00000018398,JM8N4,"Apa I","Avr II"
E24,Ttll1,EPD0066_2_A08,ENSMUSG00000022442,JM8F6,"Apa I",
E25,Limk2,EPD0040_1_C08,ENSMUSG00000020451,JM8N4,,
E26,Crcp,EPD0066_1_B08,ENSMUSG00000025532,JM8F6,"Afl II","Afl III"
E27,Ift20,EPD0066_2_F05,ENSMUSG00000001105,JM8F6,"Afl II","Age I"
E28,Pex10,,,JM8N4,,
E29,Bclaf1,EUCJ0013h06,ENSMUSG00000037608,,"Ase I, Avr II, Mfe I, Sca I",
E30,Ttf1,EUCJ0006h04,ENSMUSG00000026803,,"ApaI, Ase I, Dra I, Nsi I","AvrII,AflII HindIII PmlI/BspHI"
E31,Hps5,EPD0087_4_E08,ENSMUSG00000014418,JM8F6,"Afl II, Mfe I","PsHAI, Blp I, PshAI/Sbf I"
E32,Orc4l,EPD0087_3_G06,ENSMUSG00000026761,JM8F6,"Pac I/Mfe I",AvaI
E33,Ctsd,EPD0105_1_G10,ENSMUSG00000007891,JM8F6,"Nsi I/Ase I",EcoRI
E34,Nfxl1,EPD0100_5_F06,ENSMUSG00000072889,JM8F6,"Mfe I, Xho I/Sfi I","Afl III, SexAI"
E35,Zfp398,EPD100_3_H05,ENSMUSG00000062519,JM8F6,,
E36,2410018C17Rik,EPD0100_2_A09,ENSMUSG00000037339,JM8F6,,
E37,Mrpl10,HEPD0501_1_F05,ENSMUSG00000001445,JM8N4,"BspH I, BstE II","Drd I"
E38,Aldh3a2,EPD0060_2_D02,ENSMUSG00000010025,JM8N4,"Mfe I","Afl II"
E39,Nubp1,EPD0089_1_A03,ENSMUSG00000022503,JM8F6,,
E40,"Nola1 (Gar1)",EPD0117_3_G11,ENSMUSG00000028010,JM8N4,"Afl II",
E41,Tmem68,EPD0117_1_C02,ENSMUSG00000028232,JM8N4,"Hind III","Afl II"
E42,Pik3c3,EPD0103_4_D07,ENSMUSG00000033628,JM8F6,"Apa I, Spe I","Bgl I"
E43,Ruvbl1,EPD0089_2_G11,ENSMUSG00000030079,JM8F6,"Ase I, Nsi I","AvaI, Ssp I"
E44,Ica1,EPD140_3_D09,ENSMUSG00000003269,JM8N4,,
E45,Nsun5,EPD0113_3_E05,ENSMUSG00000000916,JM8N4,,
E46,B4galnt3,EPD0140_5_G02,ENSMUSG00000041372,JM8N4,"Afl II, Spe I","Nde I, Xmn I"
E47,"Pgd ",EPD0117_4_C03,ENSMUSG00000028961,JM8N4,"Afl II, Hind III","Drd I, Pml I"
E48,Whsc2,HEPD0073_3_A02,ENSMUSG00000029111,JM8F6,"Ase I, Hind III","Bgl I, Eco NI"
E49,Chmp4c,EPD0113_1_D08,ENSMUSG00000027536,JM8N4,,
E50,Btf3l4,HEPD0074_4_A03,ENSMUSG00000028568,JM8F6,"Afl II, BspH I","Eco NI, Spe I"
E51,Alpl,EPD0146_3_D07,ENSMUSG00000028766,JM8N4,"Ase I, Nsi I","Ssp I"
E52,Dusp9,EPD0065_2_C08,ENSMUSG00000031383,JM8F6,"Eco NI, Hind III","ApaL I, Ssp I"
E53,Crtc1,EPD0142_4_B09,ENSMUSG00000003575,JM8F6,"BspH I","Hind III, Ssp I"
E54,Ezh1,EPD0188_1_D09,ENSMUSG00000006920,JM8N4,"PshAI, Sca I","Afl III, Eco NI"
E55,Flot2,EPD0113_4_B07,ENSMUSG00000061981,JM8N4,"Ase I, Mfe I","Drd I, Nsi I"
E56,Fpgs,HEPD0507_7_C03,ENSMUSG00000009566,JM8N4,"BstE II, Nsi I","Xmn I"
E57,Eif2b5,EPD0116_1_C09,ENSMUSG00000003235,JM8N4,"Ase I, Sca I","Nde I, Spe I"
E58,Elf4,EPD0193_2_D08,ENSMUSG00000031103,JM8N4,"Afl II, Sca I","EcoRI, Ssp I"
E59,Clpb,EPD0184_3_A09,ENSMUSG00000001829,JM8N4,"Ase I, Spe I","Afl III, Eco NI"
E60,Bspry,EPD0113_4_D09,ENSMUSG00000028392,JM8N4,"PshAI, Xho I","Hind III"
E61,Chrna1,HEPD0507_1_B05,ENSMUSG00000027107,JM8N4,"Afl II, Ase I","Eco NI, Nsi I"
E62,Arl13b,EPD0065_5_C03,ENSMUSG00000022911,JM8F6,"Afl II, Sca I","ApaL I, Xmn I"
E63,Slc4a2,EPD0193_1_E09,ENSMUSG00000028962,JM8N4,,
E64,Suz12,EPD0103_2_B08,ENSMUSG00000017548,JM8F6,"Hind III, Mfe I","ApaL I, AvaI"
E65,Bid,EPD0193_4_A05,ENSMUSG00000004446,JM8N4,"Nsi I, Sca I","Afl II, Hind III"
E66,"Ift122 ",EPD0155_2_E05,ENSMUSG00000030323,JM8N4,"BplI, Sbf I/Afl II","Sca I, Xma I"
E67,Tnfrsf1b,EPD0155_1_B07,ENSMUSG00000028599,JM8N4,"Ase I, Spe I","ApaL I, Drd I"
E69,Rps3,EPD0100_3_G04,ENSMUSG00000030744,JM8F6,"Afl II, Mfe I","Bgl II, Ssp I"
E70,Timm50,EPD144_2_D04,ENSMUSG00000003438,JM8N4,"Spe I, Sbf I/Pac I","Avr II, Sca I"
E71,Ncs1,HEPD0522_2_G08,ENSMUSG00000062661,JM8N4,"Sca I","EcoRI, Ssp I"
E72,Ddx52,EPD0102_1_B10,ENSMUSG00000020677,JM8F6,"Eco NI, Ase I","SexAI, BspH I"
E73,Drg2,EPD0215_4_A11,ENSMUSG00000020537,JM8N4,"Ase I, PshAI","Afl II, AvaI"
E74,1700052N19Rik,EPD0175_3_D06,ENSMUSG00000061759,JM8N4,"PshAI, Apa BI","AvaI, Drd I"
E75,Gpr133,EPD0146_5_A01,ENSMUSG00000044017,JM8N4,"Spe I, Bpl I","Afl II, Avr II, Afl III, Drd I"
E76,Ephx1,HEPD0518_6_B02,ENSMUSG00000038776,JM8N4,"PshAI, Afl II","Apa I, Bgl II"
E77,Zcwpw1,EPD0221_2_E06,ENSMUSG00000037108,JM8N4,"Afl II, Ase I","Nhe I"
E78,Zfp672,EPD0220_1_B11,ENSMUSG00000078852,JM8N4,"Spe I/SgrA I, SgrA I/BstE II","Sac II/PshAI, Sac II/SgrA I"
E79,H6pd,EPD0173_1_C12,ENSMUSG00000028980,JM8N4,"Ase I, BspH I","Bgl II, Drd I"
E80,Ypel2,EPD0204_2_H02,ENSMUSG00000018427,JM8F6,"Sca I","Apa I, Afl III"
E81,Tyro3,HEPD0507_5_B04,ENSMUSG00000027298,JM8N4,"Sca I, BspH I","EcoRI, Hind III"
E82,Vat1,EPD0113_3_A07,ENSMUSG00000034993,JM8N4,"Afl II/Xho I, Hind III/Xho I","Drd I, Eco NI"
E83,"Itgb5 ",EPD0114_3_B05,ENSMUSG00000022817,JM8F6,"Spe I, BstE II","Eco NI, Ssp I"
E84,Mapre3,EPD0144_4_G05,ENSMUSG00000029166,JM8N4,"Nsi I, BspH I","ApaL I, Avr II"
E85,Mpp1,EPD0173_1_A06,ENSMUSG00000031402,JM8N4,"Swa I, Nsi I","Stu I, Blp I"
E86,Ipo4,EPD0146_5_A11,ENSMUSG00000002319,JM8N4,"PshAI, Nsi I","Pme I/Sbf I, BspH I"
E87,Mib2,EPD0173_1_F02,ENSMUSG00000029060,JM8N4,"Ase I","EcoRI, Nhe I"
E88,Cog8,EPD0220_4_B09,ENSMUSG00000031916,JM8N4,"Sca I, Age I/Sbf I","Xho I, Nhe I"
E89,2810432D09Rik,EPD0146_3_B05,ENSMUSG00000036114,JM8N4,"PshAI, PshAI, Sca I","Eco NI, Apa I, Blp I, Eco NI, Ssp I"
E90,Kctd15,EPD0177_1_B09,ENSMUSG00000030499,JM8N4,"Ase I, BspH I/Pac I","EcoRI, Drd I"
E91,2310067B10Rik,EPD0215_1_D09,"ENSMUSG00000020747  ",JM8N4,"BplI, Afl II/BspH I","Drd I, EcoRI"
E92,1700021C14Rik,HEPD0504_2_A05,ENSMUSG00000010538,JM8N4,"Mfe I, Pml I","Nde I, Stu I"
E93,2310016M24Rik,EPD0240_2_B03,ENSMUSG00000023020,JM8N4,"Afl II, BstE II","Eco NI, Apa I"
E94,4930525F21Rik,EPD0202_3_F02,ENSMUSG00000027209,JM8N4,"BplI, Afl II","Bgl I, Hind III"
E95,Rps5,EPD0225_3_A09,ENSMUSG00000012848,JM8N4,"Nsi I, Spe I","Afl III, Avr II"
E96,Sox13,EPD0226_6_B08,ENSMUSG00000070643,JM8N4,"Ase I, BspH I","Drd I, Hind III"
E97,Fkbp10,EPD0142_1_A09,ENSMUSG00000001555,JM8N4,"NruI, BstE II","Xho I, Xmn I"
E97a,Fkbp10,EPD0142_1_A09,ENSMUSG00000001555,JM8N4,,
E97,Fkbp10,EPD0142_1_A09,ENSMUSG00000001555,JM8N4,"NruI, BstE II","Xho I, Xmn I"
E98,Mrpl54,EPD0176_5_A09,ENSMUSG00000034932,JM8N4,"PshAI, Sbf I","Sac II, Ssp I"
E99,Mrps35,EPD0089_3_A10,ENSMUSG00000040112,JM8F6,"Ase I, Nsi I","Bgl I, Drd I"
E100,Lhx1,EPD0243_4_E03,ENSMUSG00000018698,JM8N4,"BspH I, PshAI","Drd I, Eco NI"
E101,E330016A19Rik,HEPD0516_3_C04,ENSMUSG00000032344,JM8N4,"Bpl I,, BspH I","Apa I, Bgl I"
E102,Aifm1,HEPD0504_2_E08,ENSMUSG00000036932,JM8N4,"Afl II, Eco NI","SexAI, Pac I/Pme I"
E103,Dpy19l3,EPD0227_3_B02,ENSMUSG00000043671,JM8N4,"BspH I, Spe I","Apa I, EcoRI"
E104,Lrp4,HEPD0510_6_A04,ENSMUSG00000027253,JM8N4,"BplI, Nsi I/Sca I","Bgl II, AvaI, SexAI"
E105,Ino80,HEPD509_6_F10,ENSMUSG00000034154,JM8N4,"Afl II","Eco NI,DrdI, Nhe I"
E106,Cops4,HEPD0509_6_A04,ENSMUSG00000035297,JM8N4,"Nsi I","AvaI, Xho I, Spe I"
E107,Mmgt1,EPD0198_1_C11,ENSMUSG00000061273,JM8N4,PshAI,"Avr II, Hind III"
E108,Cacnb4,HEPD0507_8_G08,ENSMUSG00000017412,JM8N4,"Afl II, Nsi I","Spe I, Stu I"
E109,Col5a1,HEPD0509_7_C01,ENSMUSG00000026837,JM8N4,"Afl II, BstE II","Xmn I"
E111,Fabp12,EPD0146_4_H09,ENSMUSG00000027530,JM8N4,"PshAI/Swa I, Ase I","Apa I, EcoRI"
E112,4933430I17Rik,EPD0168_7_A02,ENSMUSG00000058046,JM8N4,"SbfI/speI,, BstE II","ApaL I, Eco NI"
E113,9630058J23Rik,EPD0192_4_A04,ENSMUSG00000038949,JM8N4,"Afl II, PshAI/Sbf I","Apa I, Xmn I"
E114,Xiap,HEPD0523_5_A03,ENSMUSG00000025860,JM8N4,"Spe I, Pac I/PshAI","Afl III, Avr II"
E115,2900026A02Rik,HEPD0525_3_B05,ENSMUSG00000051339,JM8N4,"Ase I/Nsi I, PshAI","EcoRI, Pme I/Pac I"
E116,C1rl,,,JM8N4,"Ase I, Swa I","Apa I, Bgl I"
E110,D830044D21Rik,,,JM8N4,"Afl II, Nsi I","Drd I"
E117,Arcn1,HEPD0516_2_B11,"ENSMUSG00000032096 ",JM8N4,"Pac I","ApaL I, Drd I"
E118,Zfp13,HEPD0528_4_A08,ENSMUSG00000062012,JM8N4,"BsphI, BspH I","AflII,SpeI, Afl II, Spe I"
E119,Brd9,,,JM8N4,"Afl II, Sbf I, BstE II, Apa BI","Avr II, Spe I"
E120,Alms1,,,JM8N4,"BstE II",
E121,Btk,HEPD0522_1_A11,ENSMUSG00000031264,JM8N4,"Spe I, Pac I/Sbf I","Drd I, EcoRI"
E122,Mtrf1,HEPD0530_4_B02,"ENSMUSG00000022022 ",JM8N4,"Sca I",SwaI
E123,Lrrc57,,,JM8N4,"Nsi I, Sca I","Bgl I, Stu I"
E124,Mcm8,,,JM8N4,"PshAI, Sca I","Nhe I, Drd I"
E125,Rnase10,HEPD0528_6_A02,ENSMUSG00000021872,JM8N4,"BspH I, Swa I","Spe I, Nde I"
E126,Stk30,HEPD0530_7_A11,"ENSMUSG00000056458 ",JM8,PshAI,"EcoRI, SexAI"
E127,Vat1l,,,JM8N4,"Apa BI, PshAI, Spe I","ApaL I, Xho I"
E128,"A430107O13Rik ",,,JM8N4,nd,"PmeI,SacII/SbfI, Bgl I"
E129,Trib3,,,JM8N4,PshAI,"Avr II, Bgl II, Xho I"
E130,Sfrp4,,,JM8N4,"Nsi I, Sca I","Afl II, Spe I"
E131,"Pten ",EPD0103_3_A02,ENSMUSG00000013663,JM8,"Eco NI, Sca I","Bgl I, Nhe I"
E132,Mmp14,HEPD0526_6_E09,ENSMUSG00000000957,JM8N4,"BspH I, Sca I","Bgl II, Xho I"
E133,Bag1,HEPD0505_2_B06,ENSMUSG00000028416,JM8N4,"Eco NI, Nsi I","Afl III, Avr II"
E133,Bag1,HEPD0505_2_G06,ENSMUSG00000028416,JM8N4,"Eco NI, Nsi I","Afl III, Avr II"
E134,Invs,EPD0201_4_D03,ENSMUSG00000028344,JM8N4,"Afl II, BstE II","Avr II, Hind III"
E135,Mtmr14,EPD0211_4_B08,,JM8N4,"PshAI, Sca I","Apa I, Avr II"
E135,Mtmr14,EPD0211_4_A07,,JM8N4,"PshAI, Sca I","Apa I, Avr II"
E136,Acap3,HEPD0508_4_G09,ENSMUSG00000029033,JM8N4,"BspH I","Bgl II, Nhe I"
E137,Incenp,HEPD0534_5_C05,ENSMUSG00000024660,JM8A_N3,"BspH I, Sca I","Avr II, Pml I"
E138,"Hpd ",HEPD0539_3_E07,ENSMUSG00000029445,JM8A_N3,"Ase I, BspH I","Avr II, EcoRI"
E139,Zranb1,HEPD0538_8_D07,ENSMUSG00000030967,JM8A_N3,"BstE II","Bgl II, Stu I"
E140,Gsta3,HEPD0539_2_G05,ENSMUSG00000025934,JM8A_N3,"Nsi I, Pac I/PshAI","Avr II, Bgl I"
E141,cd9,HEPD0538_5_H11,ENSMUSG00000030342,JM8A_N3,"BspH I, Nsi I","Afl II, Bgl I"
E142,Sdsl,HEPD0538_2_A01,ENSMUSG00000029596,JM8A_N3,"Ase I, Sca I/Ase I","PshAI, Ssp I"
E143,Fam126b,HEPD0538_3_B06,ENSMUSG00000038174,JM8A_N3,"Afl II","Apa I, SexAI"
E144,Sorcs2,EPD0278_6_H03,ENSMUSG00000029093,JM8A_N3,"BspH I, Sca I","Hind III, PshAI"
E145,Yipf5,HEPD0534_4_D04,ENSMUSG00000024487,JM8A_N3,"BspH I, Nsi I","Apa I, Spe I"
E146,Fcho1,HEPD0534_8_B03,ENSMUSG00000070000,JM8A_N3,"BstE II, Pme I/Sac II","ApaL I, Spe I"
E147,Ywhag,HEPD0534_7_G07,ENSMUSG00000051391,JM8A_N3,"Swa I/Xho I","Apa I, SexAI"
E148,Cep135,HEPD0539_6_B12,ENSMUSG00000036403,JM8A_N3,"Bst Api, Nsi I","Avr II, Bgl II"
E149,Otub1,HEPD0539_8_A05,ENSMUSG00000024767,JM8A_N3,"Bpl I, Sbf I","Apa I, Bgl II"
E150,Fgl1,HEPD0540_3_F06,ENSMUSG00000031594,JM8A_N3,"Afl II, Pac I","Avr II, Spe I"
E152,Egln2,"EPD0289_2_B10; ",ENSMUSG00000030877,JM8A_N3,"Ase I, Sca I","EcoRI, Ssp I"
E153,Creld1,EPD0289_2_E02,ENSMUSG00000030284,JM8A_N3,"Afl II, Nsi I","PshAI, Ssp I"
E154,Bloc1s1,HEPD0550_3_B11,ENSMUSG00000025349,JM8A_N3,"Afl II, Nsi I","Bgl II, Nhe I"
E155,Areg,HEPD542_2_C08,ENSMUSG00000029378,JM8A_N3,"Nsi I, PshAI","Afl III, Sca I"
E156,Zfand5,HEPD0543_3_F07,ENSMUSG00000024750,JM8A_N3,"Eco NI","Afl II, Bgl II"
E151,Myo7b,HEPD0543_6_A04,ENSMUSG00000024388,JM8A_N3,"Swa I/Xho I","Apa I, Drd I"
E157,Ntf5,HEPD0550_2_E02,"ENSMUSG00000074121   ",JM8A_N3,"Sca I, Age I","Bgl II, Xho I"
E158,Hspa14,HEPD0527_8_A02,ENSMUSG00000051396,JM8N4,"PshAI, Sca I","Bgl I, Nhe I"
E159,Plscr1,HEPD0500_3_D07,"ENSMUSG00000032369 ",JM8N4,"Apa BI, Pac I/Xho I","Nhe I, SexAI"
E159,Plscr1,HEPD0500_3_D07,"ENSMUSG00000032369 ",JM8N4,"Apa BI, Pac I/Xho I","Nhe I, SexAI"
E160,Nfasc,HEPD0529_1_B03,"ENSMUSG00000026442   ",JM8N4,"Afl II, Apa BI","EcoRI, Nde I"
E161,Cyp1a1,HEPD0547_4_B07,"ENSMUSG00000032315   ",JM8N4,"Apa BI","Bgl I, Drd I, Eco NI"
E162,Pacs2,HEPD0529_7_C09,"ENSMUSG00000021143   ",JM8N4,"BstE II","Bgl II, Nhe I"
E163,Ppp1r1a,HEPD0529_4_A04,"ENSMUSG00000022490 ",JM8N4,"Afl II, Nsi I","Drd I, Ssp I"
E164,Ceacam1,HEPD0547_1_B03,"ENSMUSG00000074272 ",JM8N4,"Nsi I, Sca I","Avr II, EcoRI"
E165,Cdc25a,HEPD0547_2_A12,"ENSMUSG00000032477   ",JM8N4,"Spe I","BstE II, Hind III"
E166,Ralgds,EPD0227_2_E10,"ENSMUSG00000026821   ",JM8N4,"Ase I, PshAI","Spe I, Ssp I"
E167,Ptk6,"EPD0227_2_A08 ",ENSMUSG00000038751,JM8N4,"Nsi I, Spe I","Apa I, Bgl I"
E168,Cyb5r4,"HEPD0547_9_B04   ","ENSMUSG00000032872   ",JM8N4,"Spe I","Apa I, PshAI, Avr II"
E169,Otop3,EPD0197_3_A09,ENSMUSG00000018862,JM8N4,"Ase I, BspH I","Ssp I, Xho I"
E169,Otop3,EPD0197_3_D09,ENSMUSG00000018862,JM8N4,"Ase I, BspH I","Ssp I, Xho I"
E170,Ptch1,HEPD0529_8_H03,ENSMUSG00000021466,JM8N4,"Afl II, Xma I","Bgl II, Nhe I"
E180,Gmfg,HEPD0535_6_B06,ENSMUSG00000060791,JM8N4,"Sca I, Spe I","BspH I, ApaL I"
E179,Patl2,HEPD0535_1_C03,ENSMUSG00000027233,JM8N4,"BspH I, BstE II","Bgl I, Drd I"
E178,Gm711,HEPD0535_4_A04,ENSMUSG00000049897,JM8N4,"Afl II, Spe I","Ssp I, Xho I"
E177,Tmem63c,EPD0120_3_A03,ENSMUSG00000034145,JM8N4,"Ase I, Pac I","Blp I, Drd I"
E177,Tmem63c,EPD0120_3_A03,ENSMUSG00000034145,JM8N4,"Ase I, Pac I","Blp I, Drd I"
E176,Tgif2,EPD0113_4_A05,ENSMUSG00000062175,JM8N4,"Afl II, Apa I, Ase I, Hind III","Ssp I, Nde I"
E176,Tgif2,EPD0113_4_A05,ENSMUSG00000062175,JM8N4,"Afl II, Apa I, Ase I, Hind III","Ssp I, Nde I"
E175,Tmem135,EPD0227_4_C10,ENSMUSG00000039428,JM8N4,"Age I/Pac I","Eco NI, Xho I"
E174,Tmc8,EPD0227_3_A12,ENSMUSG00000050106,JM8N4,"Afl II, Sca I","Bgl II, Xho I"
E173,Nr1i2,EPD0141_1_D01,ENSMUSG00000022809,JM8N4,"Ase I, PshAI","Spe I, Ssp I"
E172,Spns1,EPD0227_1_A03,ENSMUSG00000030741,JM8N4,"Ase I","EcoRI, Nhe I"
E171,Slc25a38,EPD0227_7_D02,ENSMUSG00000032519,JM8N4,"Ase I, Spe I","Ssp I, Nhe I"
E181,Hs1bp3,HEPD0530_8_D05,ENSMUSG00000020605,JM8N4,"Sbf I, BspH I","Nhe I, Spe I"
E182,Klhl29,HEPD0530_1_C09,ENSMUSG00000020627,JM8N4,"BspH I, Nsi I","Spe I, Avr II"
E183,Pdia6,HEPD0530_2_G04,ENSMUSG00000020571,JM8N4,"BstE II, PshAI","Bgl I, Spe I"
E184,Laptm4a,HEPD0530_3_A12,ENSMUSG00000020585,JM8N4,"Sac II/Pac I, Sac II/Sbf I","Apa I, Bgl I"
E185,Tmod3,HEPD0547_3_H08,"ENSMUSG00000058587  ",JM8N4,"PshAI, Ase I","Bgl I, Eco NI"
E186,Pcsk7,HEPD0548_1_G02,"ENSMUSG00000035382 ",JM8N4,"PshAI, Sca I","Nhe I, Ssp I"
E187,Nab2,HEPD0548_8_A07,"ENSMUSG00000025402 ",JM8N4,"Nsi I, Sbf I","BstE II, Drd I"
E188,Scamp2,HEPD0547_2_A01,"ENSMUSG00000040188  ",JM8N4,"Ase I, BstE II","EcoRI, Nsi I"
E189,"Ascc3 ",HEPD0547_1_C09,"ENSMUSG00000038774 ",JM8N4,,"Eco NI, Nhe I"
E190,"Mat2a ",HEPD0547_3_D11,"ENSMUSG00000053907  ",JM8N4,"Nsi I, Sca I","Afl II, Nhe I"
E191,"Hcn4 ",HEPD0547_4_B11,ENSMUSG00000032338,JM8N4,"Sbf I, Sca I","Bgl II, Nhe I"
E192,"Bmp10 ",HEPD0547_6_C05,"ENSMUSG00000030046 ",JM8N4,"Afl II","Eco NI, Spe I"
E193,"Gltp ",HEPD0537_2_C10,ENSMUSG00000011884,JM8N4,"Ase I, Bpl I","PshAI, Ssp I"
E194,"Csrnp3 ",HEPD0537_2_E04,"ENSMUSG00000044647  ",JM8N4,"Afl II, Hind III","EcoRI, Blp I"
E205,Nol8,HEPD0531_3_B10,ENSMUSG00000021392,JM8N4,,"Afl III, Stu I"
E204,Ppap2a,HEPD0531_4_G04,ENSMUSG00000021759,JM8N4,"Afl II, BspH I","Drd I, Eco NI"
E203,Rnf144b,HEPD0531_1_C04,ENSMUSG00000038068,JM8N4,"Nsi I, Pac I","Bgl I, Ssp I"
E202,Baiap2l2,HEPD0531_4_B12,ENSMUSG00000018126,JM8N4,"Spe I, Ssp I","Bgl I, Hind III"
E201,Iah1,HEPD0531_2_E06,ENSMUSG00000062054,JM8N4,"Afl II, Xho I","SexAI, Ssp I"
E200,Brs3,EPD0293_5_B01,ENSMUSG00000031130,JM8A_N3,PshAI,"Eco NI, Hind III"
E200,Brs3,EPD0293_5_C04,ENSMUSG00000031130,JM8A_N3,PshAI,"Eco NI, Hind III"
E199,Slc1a7,HEPD0537_5_G04,ENSMUSG00000008932,JM8N4,"Hind III","Nhe I, Ssp I"
E198,Magoh,EPD0159_2_H12,ENSMUSG00000028609,JM8N4,"Nsi I, PshAI/Spe I","Nhe I, SexAI"
E198,Magoh,EPD0159_2_E12,ENSMUSG00000028609,JM8N4,"Nsi I, PshAI/Spe I","Nhe I, SexAI"
E197,Pcsk4,EPD0285_1_E05,ENSMUSG00000020131,JM8A_N3,"Sca I","Afl III, Nhe I"
E197,Pcsk4,EPD0285_1_F04,ENSMUSG00000020131,JM8A_N3,"Sca I","Afl III, Nhe I"
E196,Pex16,HEPD0537_2_B03,ENSMUSG00000027222,JM8N4,"Eco NI, Sbf I","Hind III, SexAI"
E195,Acsl1,EPD0144_2_B10,ENSMUSG00000018796,JM8N4,"Ase I","PshAI, SexAI"
E195,Acsl1,EPD0144_2_C09,ENSMUSG00000018796,JM8N4,"Ase I","PshAI, SexAI"
E207,Csnk2a1,EPD0327_4_A01,ENSMUSG00000074698,JM8A_N3,"Mfe I, Xho I","Eco NI, Nde I"
E208,Csnk1a1,EPD0270_3_D04,"ENSMUSG00000024576 ",JM8A_N3,"Nsi I, Eco NI, Sac II","Avr II, Xho I"
E208,Csnk1a1,EPD0270_3_E02,"ENSMUSG00000024576 ",JM8A_N3,"Nsi I, Eco NI, Sac II","Avr II, Xho I"
E209,Mosc2,"HEPD0546_2_F03 ","ENSMUSG00000073481 ",JM8N4,"Ase I, Sbf I/BspH I","Afl III, Eco NI"
E210,Rc3h1,HEPD0546_1_F01,ENSMUSG00000040423ENSMUSG73520,JM8N4,"BspH I, Pac I","Drd I, Eco NI"
E211,Prdm10,HEPD0535_2_A08,ENSMUSG00000042496,JM8N4,"BspH I, Pac I","Ssp I, Stu I"
E211,Prdm10,HEPD0535_2_D07,ENSMUSG00000042496,JM8N4,"BspH I, Pac I","Ssp I, Stu I"
E212,Rfx4,EPD0230_2_C01,ENSMUSG00000020037,JM8N4,"BspH I, Spe I","Eco NI, Nhe I"
E212,Rfx4,EPD0230_2_C02,ENSMUSG00000020037,JM8N4,"BspH I, Spe I","Eco NI, Nhe I"
E212,Rfx4,EPD0230_2_B04,ENSMUSG00000020037,JM8N4,"BspH I, Spe I","Eco NI, Nhe I"
E213,Raf1,EPD0065_4_B09,ENSMUSG00000000441,JM8F6,"Ase I, Spe I","Bgl II, Drd I"
E213,Raf1,EPD0065_4_B07,ENSMUSG00000000441,JM8F6,"Ase I, Spe I","Bgl II, Drd I"
E213,Raf1,EPD0065_4_C08,ENSMUSG00000000441,JM8F6,"Ase I, Spe I","Bgl II, Drd I"
E214,Kctd15,EPD0177_1_F12,ENSMUSG00000030499,JM8N4,"Ase I, Sca I, Pac I/Sbf I","Drd I, EcoRI,XhoI/NheI"
E214,Kctd15,EPD0177_1_E09,ENSMUSG00000030499,JM8N4,"Ase I, Sca I, Pac I/Sbf I","Drd I, EcoRI,XhoI/NheI"
E214,Kctd15,EPD0177_1_B11,ENSMUSG00000030499,JM8N4,"Ase I, Sca I, Pac I/Sbf I","Drd I, EcoRI,XhoI/NheI"
E215,Crygn,EPD0203_1_G06,ENSMUSG00000038135,JM8N4,"Ase I, BspH I","Bgl I, Hind III"
E215,Crygn,EPD0203_1_F05,ENSMUSG00000038135,JM8N4,"Ase I, BspH I","Bgl I, Hind III"
E215,Crygn,EPD0203_1_F08,ENSMUSG00000038135,JM8N4,"Ase I, BspH I","Bgl I, Hind III"
E216,Heatr3,HEPD0527_5_E04,ENSMUSG00000031657,JM8N4,"PshAI, BspH I","Stu I, Afl II, Apa I"
E216,Heatr3,HEPD0527_5_A04,ENSMUSG00000031657,JM8N4,"PshAI, BspH I","Stu I, Afl II, Apa I"
E217,Fkbp9,HEPD0527_4_G05,ENSMUSG00000029781,JM8N4,"Afl II, Bpl I, Swa I","Eco NI, Hind III, PshAI"
E217,Fkbp9,HEPD0527_4_D08,ENSMUSG00000029781,JM8N4,"Afl II, Bpl I, Swa I","Eco NI, Hind III, PshAI"
E218,Adam15,HEPD0527_8_C09,ENSMUSG00000028041,JM8N4,"Ase I, BspH I","Bgl I, Xmn I"
E218,Adam15,HEPD0527_8_A10,ENSMUSG00000028041,JM8N4,"Ase I, BspH I","Bgl I, Xmn I"
E219,Pla2g4f,HEPD0527_2_E02,ENSMUSG00000046971,JM8N4,"Sca I, Nsi I","Nde I, Spe I"
E219,Pla2g4f,HEPD0527_2_D03,ENSMUSG00000046971,JM8N4,"Sca I, Nsi I","Nde I, Spe I"
E220,Cd160,HEPD0527_6_E07,"ENSMUSG00000038304 ",JM8N4,"Ase I, Spe I","EcoRI, Swa I"
E220,Cd160,HEPD0527_6_E05,"ENSMUSG00000038304 ",JM8N4,"Ase I, Spe I","EcoRI, Swa I"
E221,Ppp6c,HEPD0527_7_D10,ENSMUSG00000026753,JM8N4,"Bpl I, SgrA I/Sbf I","BstXI, Sca I"
E221,Ppp6c,HEPD0527_7_E11,ENSMUSG00000026753,JM8N4,"Bpl I, SgrA I/Sbf I","BstXI, Sca I"
E222,Atad2b,HEPD0526_3_F10,ENSMUSG00000020631,JM8N4,"Swa I, Nsi I","Eco NI, Xmn I"
E222,Atad2b,HEPD0526_3_C09,ENSMUSG00000020631,JM8N4,"Swa I, Nsi I","Eco NI, Xmn I"
E223,Bphl,HEPD0526_3_D04,ENSMUSG00000038286,JM8N4,"Afl II, Bpl I","ApaL I, Nde I"
E223,Bphl,HEPD0526_3_A03,"ENSMUSG00000038286",JM8N4,"Afl II, Bpl I","ApaL I, Nde I"
E224,Atp6v1d,HEPD0526_6_E05,"ENSMUSG00000021114",JM8N4,"PshAI/Pac I","Drd I"
E224,Atp6v1d,HEPD0526_6_E08,"ENSMUSG00000021114",JM8N4,"PshAI/Pac I","Drd I"
E227,Tmem63b,EPD0226_1_A08,"ENSMUSG00000036026",JM8N4,"SgrA I/PshAI","Hind III, Sac II, SexAI"
E227,Tmem63b,EPD0226_1_C05,"ENSMUSG00000036026",JM8N4,"SgrA I/PshAI","Hind III, Sac II, SexAI"
E227,Tmem63b,EPD0226_1_G07,"ENSMUSG00000036026",JM8N4,"SgrA I/PshAI","Hind III, Sac II, SexAI"
E225,D2Ertd750e,EPD0125_3_E05,"ENSMUSG00000027331",JM8N4,"Nsi I, PshAI","Drd I, EcoRI"
E225,D2Ertd750e,EPD0125_3_G08,"ENSMUSG00000027331",JM8N4,"Nsi I, PshAI","Drd I, EcoRI"
E225,D2Ertd750e,EPD0125_3_H05,"ENSMUSG00000027331",JM8N4,"Nsi I, PshAI","Drd I, EcoRI"
E226,Tgif2,EPD0113_4_H04,"ENSMUSG00000062175",JM8N4,"Afl II, Hind III","Ssp I, Nde I"
E226,Tgif2,EPD0113_4_F05,"ENSMUSG00000062175",JM8N4,"Afl II, Hind III","Ssp I, Nde I"
E226,Tgif2,EPD0113_4_C06,"ENSMUSG00000062175",JM8N4,"Afl II, Hind III","Ssp I, Nde I"
E228,Tmem63c,EPD0120_3_F02,"ENSMUSG00000034145",JM8N4,"Afl II, Ase I, Pac I","BstXI, Dra III, Drd I, Spe I"
E228,Tmem63c,EPD0120_3_G04,"ENSMUSG00000034145",JM8N4,"Afl II, Ase I, Pac I","BstXI, Dra III, Drd I, Spe I"
E228,Tmem63c,EPD0120_3_H03,"ENSMUSG00000034145",JM8N4,"Afl II, Ase I, Pac I","BstXI, Dra III, Drd I, Spe I"
E229,Afm,EPD0288_3_A08,"ENSMUSG00000029369",JM8N4,"Bpl I, Swa I","Apa I, Eco NI"
E230,Sema6c,EPD0203_3_B05,"ENSMUSG00000038777",JM8N4,"BspH I, Sca I","Apa I, Nhe I"
E231,Hdx,EPD0203_3_C11,ENSMUSG00000034551,JM8N4,"Nsi I, Pac I","Apa I, Avr II"
E233,Cntnap1,EPD0198_2_B10,ENSMUSG00000017167,JM8N4,"Ase I, BspH I","ApaL I, Nhe I"
E232,"Cryba4 ",EPD0214_2_A04,"ENSMUSG00000066975 ",JM8N4,"Bpl I, Ase I","Apa I, Ssp I"
E234,Bmx,EPD0198_1_A06,ENSMUSG00000031377,JM8N4,"Afl II, Ase I","ApaL I, Stu I"
E235,Ctsd,EPD0105_1_A12,"ENSMUSG00000007891 ",JM8F6,"Nsi I/Ase I, PshAI","Ssp I, Sph I"
E235,Ctsd,EPD0105_1_G12,"ENSMUSG00000007891 ",JM8F6,"Nsi I/Ase I, PshAI","Ssp I, Sph I"
E235,Ctsd,EPD0105_1_H11,"ENSMUSG00000007891 ",JM8F6,"Nsi I/Ase I, PshAI","Ssp I, Sph I"
E236,Ahsa2,EPD0209_2_C03,ENSMUSG00000020288,JM8N4,"Sbf I/Pac I","Afl II, Apa I"
E237,Dusp11,EPD0209_1_C08,ENSMUSG00000030002,JM8N4,"Afl II","Avr II, Stu I"
E238,Plekhg3,HEPD0530_4_D07,ENSMUSG00000052609,JM8N4,"Afl II, Sfi I","Afl III, Nhe I"
E239,Ptdss1,HEPD0530_2_C07,ENSMUSG00000021518,JM8N4,"Nsi I","Avr II, Drd I"
E241,Gm166,HEPD0530_3_B05,ENSMUSG00000057176,JM8N4,"Afl II, Nsi I","ApaL I, Spe I"
E242,Pold1,HEPD0536_4_G11,ENSMUSG00000038644,JM8N4,"Mfe I, Sbf I","Nhe I, Xmn I"
E243,Cdc26,HEPD0536_4_G08,ENSMUSG00000066149,JM8N4,"PshAI, Nsi I","BspH I, SexAI"
E244,Pigu,HEPD0536_5_F10,ENSMUSG00000038383,JM8N4,"Spe I, BspH I","Drd I, PshAI"
E245,Gm12258,HEPD0536_3_B09,"ENSMUSG00000072915 ENSMUSG0000",JM8N4,"Afl II, BspH I","ApaL I, Bgl I"
E240,Fut8,HEPD0530_1_D05,ENSMUSG00000021065,JM8N4,"Eco NI, Sca I","Afl II, Nhe I"
